salon_id,salon,city,signup,trial_end,groomers,clients_entered,bookings_in_trial,online_bookings,reminders_on,converted,plan,exit_survey
S1001,Fluff Scrub Club,Spokane,2026-06-03,2026-06-17,3,2,9,5,yes,no,,
S1002,Bramble Grooming,Eugene,2026-06-04,2026-06-18,3,154,42,26,no,no,,"Couldn't block my lunch, people booked over it"
S1003,Pebble Pup Spa,Bend,2026-06-05,2026-06-19,1,344,27,14,yes,yes,solo,
S1004,Juniper Scrub Club,Corvallis,2026-06-08,2026-06-22,3,368,39,16,yes,yes,studio,
S1005,Clover Leash,Tacoma,2026-06-09,2026-06-23,2,2,10,7,yes,no,,Typing in all my clients took too long
S1006,Tidy Pup Spa,Eugene,2026-06-12,2026-06-26,1,0,5,4,no,no,,
S1007,Pebble Grooming,Tacoma,2026-06-15,2026-06-29,1,8,4,0,no,no,,"Couldn't block my lunch, people booked over it"
S1008,Rosie's Leash,Medford,2026-06-17,2026-07-01,2,0,9,3,no,yes,studio,
S1009,Rosie's Dog Salon,Spokane,2026-06-19,2026-07-03,1,136,64,44,yes,no,,My clients just call or text me
S1010,Sudsy Hound,Portland,2026-06-22,2026-07-06,2,5,0,0,no,no,,
S1011,Pampered Pup Spa,Portland,2026-06-25,2026-07-09,1,349,44,30,yes,no,,
S1012,Pebble Scrub Club,Olympia,2026-06-27,2026-07-11,4,2,6,3,no,no,,"Couldn't block my lunch, people booked over it"
S1013,Otis & Hound,Portland,2026-06-27,2026-07-11,2,5,10,9,yes,yes,studio,
S1014,Biscuit Leash,Boise,2026-06-29,2026-07-13,1,8,7,3,yes,no,,Too much to enter by hand
S1015,Lather Leash,Olympia,2026-07-04,2026-07-18,1,153,52,28,no,no,,Too much to enter by hand
S1016,Tidy Mutt Cuts,Tacoma,2026-07-05,2026-07-19,4,0,15,5,no,no,,"Couldn't block my lunch, people booked over it"
S1017,Muddy Leash,Olympia,2026-07-06,2026-07-20,1,0,15,6,yes,no,,
S1018,Maple Coat Co.,Salem,2026-07-08,2026-07-22,1,2,17,7,yes,no,,"Couldn't block my lunch, people booked over it"
S1019,Fluff Paws,Medford,2026-07-11,2026-07-25,1,210,31,17,yes,no,,
S1020,Happy Tails,Corvallis,2026-07-15,2026-07-29,2,0,7,0,no,no,,Older clients won't book online
S1021,Puddle Tails,Boise,2026-07-15,2026-07-29,1,2,5,4,no,no,,
S1022,Tidy Paws,Olympia,2026-07-17,2026-07-31,3,0,20,8,yes,no,,"Couldn't block my lunch, people booked over it"
S1023,Pampered Paws,Salem,2026-07-21,2026-08-04,1,5,7,1,no,no,,Setup was more work than I had time for in two weeks
S1024,Happy Hound,Portland,2026-07-22,2026-08-05,2,3,10,2,no,yes,studio,
S1025,Thistle Hound,Eugene,2026-07-26,2026-08-09,1,191,29,20,yes,no,,$29 a month is a lot for just me
S1026,Rosie's Tails,Tacoma,2026-07-27,2026-08-10,3,5,12,4,yes,no,,Older clients won't book online
S1027,Happy Pup Spa,Bend,2026-07-28,2026-08-11,1,2,20,9,yes,no,,$29 a month is a lot for just me
S1028,Fluff Mutt Cuts,Boise,2026-08-01,2026-08-15,3,319,27,21,no,yes,studio,
S1029,Pebble Coat Co.,Vancouver WA,2026-08-04,2026-08-18,1,0,12,5,no,no,,$29 a month is a lot for just me
S1030,Wag Mutt Cuts,Olympia,2026-08-06,2026-08-20,2,73,40,32,yes,no,,Older clients won't book online
S1031,Biscuit Paws,Spokane,2026-08-08,2026-08-22,1,5,11,3,yes,no,,"Never got my client list in, so I didn't use it"
S1032,Puddle Hound,Bend,2026-08-08,2026-08-22,3,361,43,21,yes,no,,
S1033,Wag Coat Co.,Spokane,2026-08-12,2026-08-26,3,2,3,1,no,no,,
S1034,Pampered Coat Co.,Medford,2026-08-15,2026-08-29,1,241,35,23,yes,yes,solo,
S1035,Willow Pup Spa,Spokane,2026-08-15,2026-08-29,3,2,4,1,no,yes,studio,
S1036,Bubble Hound,Boise,2026-08-19,2026-09-02,3,3,15,3,no,no,,Big dogs needed two appointments
S1037,Biscuit Pup Spa,Salem,2026-08-19,2026-09-02,2,3,13,3,no,no,,Older clients won't book online
S1038,Happy Coat Co.,Boise,2026-08-23,2026-09-06,3,375,37,30,yes,yes,studio,
S1039,Bramble Pup Spa,Corvallis,2026-08-25,2026-09-08,2,8,10,7,yes,no,,"Never got my client list in, so I didn't use it"
S1040,Copper Coat Co.,Olympia,2026-08-27,2026-09-10,4,8,8,3,no,no,,
S1041,Juniper Pup Spa,Olympia,2026-08-29,2026-09-12,1,188,66,40,yes,yes,solo,
S1042,Wag Grooming,Spokane,2026-09-01,2026-09-15,4,2,7,1,no,yes,studio,
S1043,Wag Hound,Vancouver WA,2026-09-03,2026-09-17,1,2,1,0,no,no,,$29 a month is a lot for just me
S1044,Puddle Leash,Portland,2026-09-04,2026-09-18,1,8,15,6,no,no,,Typing in all my clients took too long
S1045,Fluff Grooming,Vancouver WA,2026-09-06,2026-09-20,2,367,43,28,yes,yes,studio,
S1046,Copper Tails,Olympia,2026-09-09,2026-09-23,3,167,46,26,yes,yes,studio,
S1047,Willow Tails,Corvallis,2026-09-13,2026-09-27,1,2,8,6,yes,yes,solo,
S1048,Juniper Dog Salon,Vancouver WA,2026-09-14,2026-09-28,1,8,8,2,no,no,,Typing in all my clients took too long
S1049,Thistle Tails,Bellingham,2026-09-15,2026-09-29,2,5,21,9,yes,no,,
S1050,Maple Grooming,Vancouver WA,2026-09-19,2026-10-03,1,243,47,17,yes,in trial,,
S1051,Juniper Grooming,Corvallis,2026-09-19,2026-10-03,1,5,8,4,no,in trial,,
S1052,Thistle Pup Spa,Corvallis,2026-09-24,2026-10-08,2,2,17,8,yes,in trial,,
S1053,Sudsy Hound,Tacoma,2026-09-28,2026-10-12,3,210,37,30,yes,in trial,,
S1054,Cedar Tails,Portland,2026-09-27,2026-10-11,3,94,67,38,yes,in trial,,
S1055,Tidy Coat Co.,Spokane,2026-09-29,2026-10-13,2,0,17,6,no,in trial,,
